ABC type,Catalogue,CCI/PAS ID,Wt,Findspot,lat,long,Hoard year,County only,Var obv,Var rev
2012,0,573,1.11,Kirtington,51.8674,-1.2898,,,Ao1,Ar1
2012,0,1225,1.16,Cold Ashton,51.4374,-2.3611,,,Ao3,Ar1
2012,0,1522,1.38,,,,,,Ao1,Ar1
2012,0,2087,0.45,,,,,,Ao2,Ar2
2012,0,3012,0.67,Copston Magna,52.4881,-1.3387,,,Ao1,Ar1
2012,0,21128,0.99,Dowdeswell ,51.8696,-2.0159,,,Ao2,Ar2
2012,0,30408,1.03,Hungerford,51.4101,-1.5269,,,Ao2,Ar2
2012,0,40003,0.82,Worminghall,51.767,-1.074,,,,
2012,0,40120,,Frilford,52.6701,-1.3652,,,Ao2,Ar1
2012,0,40247,1.18,,,,,,Ao1,Ar1
2012,0,41973,1.16,Vale of Pewsey,51.3403,-1.7626,,,Ao3,Ar1
2012,0,41974,1.02,Oxford,51.7504,-1.2626,,,Ao2,Ar2
2012,0,42480,1.14,Boxford,51.4454,-1.3827,,,Ao3,
2012,0,610002,,,,,,,Ao1,Ar1
2012,0,610003,1.22,Godalming,51.1782,-628,,,Ao3,Ar1
2012,0,610004,1.21,Naunton,51.9144,-1.8269,,,Ao2,Ar2
2012,0,610005,1.27,Weston under Penyard,51.9044,-2.5267,,,Ao2,Ar2
2012,0,610006,1.21,"Mount Batten, Plymouth",50.3585,-4.128,1830,,Ao2,Ar2
2012,0,610007,1.05,"Mount Batten, Plymouth",50.3585,-4.128,1830,,Ao2,Ar2
2012,0,610008,1.22,Naunton,51.9144,-1.8269,,,Ao1,Ar1
2012,0,690001,0.88,,,,,,Ao2,Ar3
2012,0,820001,1.31,"Perrott's Brook, Cotswold",51.753,-1.9739,,,Ao2,Ar1
2012,0,820002,,Erlestoke,51.2761,-2.0731,,,Ao2,Ar3
2012,0,820003,,Bratton,51.2761,-2.1447,,,Ao1,Ar1
2012,0,840268,0.65,,,,,,,
2012,0,840653,1.38,Gloucestershire,51.8642,-2.238,,Y,Ao4,Ar3
2012,0,840660,1.2,,,,,,Ao4,Ar4
2012,0,910004,1.19,Swindon,51.5547,-1.785,,,,
2012,0,910293,1.06,"Cathedral, Worcester",52.193,-2.2209,,,Ao1,Ar1
2012,0,910295,0.91,"Cathedral, Worcester",52.193,-2.2209,,,,
2012,0,910360,0.81,Sutton Courtney,51.6336,-1.279,,,Ao2,
2012,0,910513,0.66,Vale of White Horse,51.6696,-1.2929,,,,
2012,0,930066,,Wantage,51.5895,-1.4385,,,Ao2,Ar2
2012,0,930067,,Wantage,51.5895,-1.4385,,,Ao3,
2012,0,930291,1.01,Cleeve Prior,52.1392,-1.8845,,,Ao2,Ar2
2012,0,930355,1.2,Harwell,51.5977,-1.294,,,Ao3,Ar1
2012,0,930939,1.11,,,,,,Ao1,Ar1
2012,0,940458,1.13,Heddington,51.393,-2.0158,,,Ao1,Ar1
2012,0,941111,1,Sutton Courtney,51.6336,-1.279,,,Ao2,
2012,0,941129,0.5,Sutton Courtney,51.6336,-1.279,,,,
2012,0,951127,1.17,Wiltshire,51.2463,-1.9922,,Y,Ao3,Ar2
2012,0,961399,1.1,Erlestoke,51.2761,-2.0587,,,Ao2,Ar4
2012,0,961943,,,,,,,Ao2,Ar1
2012,0,963360,1.13,Ashton Keynes,51.5908,-1.9437,,,Ao1,Ar1
2012,0,971263,,,,,,,,Ar2
2012,0,971264,,,,,,,Ao2,Ar1
2012,0,980166,1.27,,,,,,Ao1,Ar1
2012,0,981004,0.9,,,,,,,Ar2
2012,0,981053,1.01,"Northway, Tewkesbury",52.0033,-2.1131,,,Ao5,Ar3
2012,0,981395,1.07,,,,,,Ao2,Ar3
2012,0,990919,,Wiltshire,51.2463,-1.9922,,Y,Ao1,Ar1
2012,0,991027,,,,,,,Ao2,Ar2
2012,1,BERK-873646,0.8,West Challow,51.581,-1.482,,,,
2012,1,BERK-D123F6,0.97,Lockinge,51.5534,-1.4101,,,Ao1,Ar1
2012,1,BH-6DE9E0,0.41,Bledlow Cum Sanderton,51.6961,-0.8636,,,,
2012,1,FAPJW-9EB9A6,0.67,Alcester,52.203,-1.87,,,,
2012, 1, BERK-893861,1,Stanton St john,51.777,-1.19,,,Ao2,Ar2
2012, 1, BUC-314687,,,,,,,,Ar1
2012, 1, GLO-1C8CB6,,Gretton,51.968,-2.001,,,Ao2,Ar2
2012, 1, NMGW-0E3000,1.06,Bishopstone,51.527,-1.655,,,Ao1,Ar1
2012, 1, SUR-98834D,0.7,Moulsford,51.543,-1.165,,,Ao2,Ar2
2012, 1, SWYOR-597E71,1,Burford,51.979,-1.668,,,Ao3,Ar1
2012, 1, WAW4D9B7C,,,,,,,Ao2,Ar2
2015,0,695,,,,,,,Bo1,Br2
2015,0,696,,,,,,,Bo8,Br2
2015,0,772,1.05,Bidford-on Avon,52.1572,-1.85532,,,Bo1,Br2
2015,0,869,1,Charlbury,51.8685,-1.4931,,,Bo2,Br3
2015,0,1523,1.03,Charlbury,51.8685,-1.4931,,,Bo7,Br2
2015,0,3018,1.03,,,,,,,
2015,0,10136,0.96,Easton Grey,51.5817,-2.1746,,,Bo3,Br3
2015,0,10973,,,,,,,Ao2,Ar1
2015,0,11011,0.97,Andoversford,51.8694,-1.9724,,,Bo8,Br2
2015,0,11419,1.08,Boxford,51.4365,-1.3972,,,Ao3,Ar1
2015,0,20094,1.05,,,,,,Bo1,Br1
2015,0,20336,0.72,Cirencester,51.717,-1.972,,,Bo2,Br3
2015,0,20373,1.1,Uffington,51.5991,-1.5683,,,Bo1,Br1
2015,0,20871,0.9,,,,,,Bo3,Br3
2015,0,30119,,Swinbrook and Widford,51.806,-1.6098,,,Bo2,Br2
2015,0,30179,1.17,Witney,51.7876,-1.494,,,Bo7,Br3
2015,0,30806,0.59,Dowdeswell,51.8696,-2.0159,,,,
2015,0,30824,0.89,Worminghall,51.7671,-1.074,,,Bo1,Br3
2015,0,31107,,,,,,,Bo3,Br3
2015,0,31327,1.14,,,,,,,
2015,0,40028,0.79,Dymock,51.9766,-2.4382,,,,Br3
2015,0,40049,0.94,Eynsham,51.778,-1.3781,,,Bo3,Br2
2015,0,40114,0.98,Pershore,52.1123,-2.089,1993,,Bo3,Br2
2015,0,40223,,Wiltshire,51.2463,-1.9922,,Y,Bo6,Br2
2015,0,40722,0.75,Grafton Flyford,52.2202,-2.0453,,,Bo3,Br3
2015,0,40789,0.96,,,,,,,Br3
2015,0,41063,0.76,,,,,,,
2015,0,41072,0.85,,,,,,Bo3,Br4
2015,0,41784,1.01,,,,,,Bo7,Br3
2015,0,41975,0.93,Woodeaton,51.7951,-1.2329,,,Bo8,Br2
2015,0,41976,0.96,Devizes,51.3489,-1.9948,,,Bo1,Br2
2015,0,41977,0.82,Great Faringdon,51.6351,-1.5967,,,Bo1,Br2
2015,0,42022,,,,,,,,Br2
2015,0,42023,,,,,,,,Br2
2015,0,42459,,Warwickshire,52.2671,-1.4675,,,Bo1,Br2
2015,0,42547,,Calne,51.438,-2.0158,2008,,,Br2
2015,0,83216,1.03,,,,,,Bo2,Br3
2015,0,610011,0.73,Weston under Penyard,51.9044,-2.5247,,,bo2,Br2
2015,0,610012,1.01,"Mount Batten, Plymouth",50.3585,-4.128,1830,,,
2015,0,610013,1.05,Weston under Penyard,51.9044,-2.5247,,,Bo1,Br2
2015,0,640001,0.85,Colerne,51.4557,-2.2748,1957,,Bo1,
2015,0,640002,0.92,Colerne,51.4557,-2.2748,1957,,,Br1
2015,0,640004,0.95,Cold Ashton,51.4283,-2.4041,,,Bo3,Br3
2015,0,650001,0.99,Baunton,51.7257,-1.9869,,,Bo1,Br1
2015,0,650002,0.83,,,,,,Bo3,Br4
2015,0,670001,1.15,,,,,,Bo3,Br4
2015,0,670002,0.96,,,,,,Bo3,Br3
2015,0,670003,1.08,,,,,,,Br2
2015,0,680001,1.04,Weston under Penyard,51.9044,-2.5247,,,,Br8
2015,0,690002,0.87,,,,,,Bo6,Br5
2015,0,690003,0.7,Nunney,51.2035,2.4022,1860,,Bo3,Br3
2015,0,690018,0.82,Coleford,51.7872,-2.5813,,,Bo3,Br5
2015,0,700001,1.12,Colerne,51.4557,-2.2748,1957,,Bo3,Br3
2015,0,730003,1.06,Nunney,51.2035,2.4022,1860,,Bo3,Br3
2015,0,730005,1.1,,,,,,,Br3
2015,0,730006,1.04,,,,,,Bo7,Br3
2015,0,730007,1.15,Cassington,51.7869,-1.349,,,Bo3,Br4
2015,0,730008,1.1,,,,,,Bo3,Br2
2015,0,730009,0.67,Wroxeter and Uppington,52.6679,-2.6521,,,Bo3,Br3
2015,0,730010,1.18,Tiddington-with-Albury,51.7311,-1.0747,,,Bo1,Br2
2015,0,750001,0.83,Kingscote,51.6534,-2.2905,,,,
2015,0,760001,1.52,Moreton Valence,51.7792,-2.3203,,,Bo3,Br3
2015,0,760002,1.25,Ducklington,51.7515,-1.4799,,,Bo3,Br3
2015,0,810001,0.61,marlborough,51.4197,-1.7425,1857,,,
2015,0,820005,,Bagendon,51.7567,-1.9869,,,,Br3
2015,0,820006,1.07,,,,,,Bo5,Br6
2015,0,820007,0.82,Tiddington-with-Albury,51.7311,-1.0747,,,Bo3,Br3
2015,0,820008,0.58,Frocester,51.7163,-2.3198,,,,
2015,0,820009,1.17,,,,,,Bo5,Br6
2015,0,820010,1.06,,,,,,Bo5,Br6
2015,0,820012,1.15,,,,,,Bo5,Br6
2015,0,820013,0.77,,,,,,Bo1,Br1
2015,0,820215,1.08,,,,,,Bo3,Br2
2015,0,830269,0.44,West Wycombe,51.6388,-0.8165,,,,
2015,0,830272,1.01,Uley,51.6894,-2.3052,,,Bo3,
2015,0,830375,1.14,,,,,,Bo3,Br3
2015,0,840389,0.99,Camerton,51.3112,-2.4605,,,Bo3,Br3
2015,0,840392,1.08,Camerton,51.3112,-2.4605,,,Bo3,Br3
2015,0,840652,0.99,,,,,,Bo1,Br3
2015,0,840657,0.71,,,,,,Bo1,Br3
2015,0,880077,0.89,,,,,,Bo4,Br1
2015,0,900141,1,Wappenbury,52.3179,-1.4586,,,Bo3,Br3
2015,0,900718,0.87,Broadway,52.0673,-1.8701,,,Bo1,Br2
2015,0,910003,1.04,Royal Leamington Spa,51.7879,-1.5665,,,Bo3,Br2
2015,0,910011,1.16,"Kingsholm, Gloucester",51.8724,-2.2415,,,Bo3,Br3
2015,0,910046,1.16,,,,,,,
2015,0,910292,1.04,"Cathedral, Worcester",52.193,-2.2209,,,,
2015,0,910320,0.91,Cleeve Prior,52.1482,-1.8845,,,Bo3,Br4
2015,0,920390,0.49,Wall,52.6516,-1.8536,,,Bo1,Br4
2015,0,920504,1.02,,,,,,Bo3,Br2
2015,0,920579,0.64,,,,,,,Br4
2015,0,920580,1,Bagendon,51.7527,-1.9869,,,Bo3,Br3
2015,0,930149,1.1,West Berkshire,51.4001,-1.3258,,Y,Bo3,
2015,0,930293,1.01,Cleeve Prior,52.1392,-1.8845,,,,Br2
2015,0,930864,0.93,,,,,,Bo1,Br2
2015,0,930985,,,,,,,Bo3,Br3
2015,0,940935,0.93,Bledlow-cum-Saunderton,51.6961,-0.8636,,,Bo1,Br1
2015,0,940991,1.46,Welford-0n-Avon,52.1661,-1.7967,,,Bo3,Br3
2015,0,941110,0.9,Sutton Courtney,51.6336,-1.279,,,Bo4,Br5
2015,0,941475,0.87,,,,,,Bo1,Br2
2015,0,941507,1.02,Bagendon,51.7527,-1.9869,,,Bo3,Br3
2015,0,941520,,,,,,,,
2015,0,951027,,,,,,,Bo4,Br5
2015,0,951273,,Northhamptonshire,52.273,-0.8756,,Y,Bo1,Br2
2015,0,951275,0.97,Headington,51.7626,-1.1986,,,Bo3,
2015,0,961040,0.81,Paulerspury,52.0988,-0.9649,,,Bo3,Br3
2015,0,963595,0.9,,,,,,Bo1,Br2
2015,0,970135,0.84,Thornbury,51.5898,-2.5066,,,Bo3,Br3
2015,0,971075,0.97,Nympsfield,51.6984,-2.2908,,,Bo1,Br2
2015,0,971265,,,,,,,Bo3,Br2
2015,0,971266,0.84,,,,,,Bo3,Br3
2015,0,980080,0.9,Nunney,51.2035,-2.4022,1860,,Bo1,Br2
2015,0,980081,1.1,Nunney,51.2035,-2.4022,1860,,,
2015,0,980312,,,,,,,Bo1,Br2
2015,0,981049,1.14,"Northway, Tewkesbury",52.0033,-2.1131,,,Bo3,Br3
2015,0,981090,0.71,Moreton-in-Marsh,51.9861,-1.7102,,,Bo2,Br3
2015,0,981214,,,,,,,Bo3,Br7
2015,0,981244,0.8,,,,,,Bo3,Br4
2015,0,981268,0.87,,,,,,,Br3
2015,0,981426,,Witney,51.8055,-1.4793,,,Bo7,Br7
2015,0,981556,1.25,Bickmarsh,52.1392,-1.8553,,,Bo7,Br7
2015,0,981557,0.9,Warwick,52.2824,-1.591,,,Bo1,Br5
2015,0,982018,0.92,,,,,,Bo3,Br4
2015,0,982039,,,,,,,,
2015,0,982068,,Witney,51.8055,-1.4793,,,Bo8,Br2
2015,0,982071,,,,,,,Bo3,
2015,0,982246,1.15,,,,,,Bo2,Br2
2015,0,982336,,Brailes,51.7879,-1.5665,,,,
2015,0,982339,,Wroxeter and Uppington,52.6679,-2.6521,,,Bo2,Br3
2015,0,982383,1.15,,,,,,Bo2,Br2
2015,0,990571,1.11,Marlborough,51.4197,-1.7425,1857,,Bo1,Br1
2015,0,990658,1.02,White Ladies Ashton,52.1662,-2.1184,,,,Br3
2015,0,990661,1.02,Lower Slaughter,51.8963,-1.7689,,,Bo1,Br1
2015,0,991361,0.9,Gloucestershire,51.8642,-2.238,,Y,Bo1,Br2
2015,0,992028,0.72,Droitwich South,52.2651,-2.1626,,,,
2015,1,BERK-599079,0.9,Stonefield,51.85,-1.421,,,Bo7,Br2
2015,1,GLO-19FC75,0.75,Dymock,51.977,-2.438,,,Bo3,Br3
2015,1,GLO-2FCC83a,0.74,South Gloucestershire,51.5264,-2.4728,,Y,Bo2,Br3
2015,1,GLO-8DB907,0.97,Tewkesbury,51.9923,-2.158,,,,Br3
2015,1,GLO-B64362,0.94,Upleadon,51.941,-2.351,,,,Br3
2015,1,GLO-C5FC26,0.87,"Coberley, Cotswold",51.8429,-2.0555,,,Bo1,Br2
2015,1,GLO-D8BCD6,0.46,Sth Gloucestershire,51.5264,-2.4728,,Y,Bo1,Br2
2015,1,NARC-C6A972 a,0.8,Haversham-cum-Little Linford,52.079,-0.79,,,Ao4?,
2015,1,NMGW-CD40A0,,,,,,,Bo3,Br3
2015,1,PUBLIC-1D2C65,0.66,Luddington,52.1708,-1.7599,,,Bo3,
2015,1,PUBLIC-293FF2,1.038,Tidenham,51.643,-2.652,,,Bo3,Br3
2015,1,SOM-327973,0.78,Mendip,51.2975,-2.7296,,,Bo3,Br3
2015,1,WAW-DAFD76,, Cleeve Prior,52.1403,-1.8721,,,Bo3,
2015,1,WILT-29CD89,1.06,Near Devizes,51.3489,-1.9948,,,Bo1,Br1
2015,1,WILT-2D4BE5,0.87,Salisbury,51.0688,-1.7945,,,B03,Br2
2015,1,WILT-60F026,1.05,Calne Without,51.429,-2.0445,2008,,,
2015,1,WILT-9FE6D3,0.9,Cricklade,51.6381,-1.8564,,,Bo2,Br3
2015,1,WILT-A59337,0.85,West Lavington,51.267,-1.987,,,Bo1,Br2
2015,1,WILT-C07106,0.82,Salisbury,51.0688,-1.7945,,,Bo1,Br2
2015,1,WILT-C79346,0.4,Easterton,51.2941,-1.9584,2006,,,
2015,1,WILT-D2B6E1,1.02,Cricklade,51.6381,-1.8564,,,Bo1,Br2
2015,1,WILT-F84111,,,,,,,Bo3,
2015,1,WILT-F847C1,,,,,,,,
2015,1,WILT-FC5003,0.85,West Lavington,51.267,-1.987,,,Bo1,Br3
2018,0,118,,Northmoor,51.7152,-1.3935,,,,
2018,0,598,0.89,Charlbury,51.8685,-1.4931,,,,
2018,0,910,,Stratford-on-Avon,52.1378,-1.6091,,,,
2018,0,1130,,Swalcliffe,52.0302,-1.4621,,,,
2018,0,1557,0.96,,,,,,,
2018,0,1570,,Stratford-on-Avon,52.1378,-1.6091,,,,
2018,0,10560,,Norton and Lenchwick,52.1303,-1.943,1718,,,
2018,0,10561,,Wychavon,52.1525,-2.0331,,,,
2018,0,10562,,Pershore,52.1123,-2.089,1993,,,
2018,0,10836,1.12,,,,,,,
2018,0,20095,0.96,Bicester,51.8935,-1.1586,,,,
2018,0,20315,1.1,Charlbury,51.8685,-1.4931,,,,
2018,0,20422,1.01,Heddington,51.393,-2.0158,,,,
2018,0,20620,0.91,Charlbury,51.8685,-1.4931,,,,
2018,0,30054,,Inkberrow,52.2112,-1.9868,,,,
2018,0,30369,1.07,Cirencester,51.7167,-1.9725,,,,
2018,0,30492,0.77,Horndean,50.9393,-1.01934,,,,
2018,0,31385,,,,,,,,
2018,0,40050,1.08,Eynsham,51.778,-1.3781,,,,
2018,0,40365,,,,,,,,
2018,0,41047,0.89,,,,,,,
2018,0,41084,1,,,,,,,
2018,0,41107,,,,,,,,
2018,0,41116,0.99,,,,,,,
2018,0,41978,1.04,Great Faringdon,51.6531,-1.5967,,,,
2018,0,41980,0.96,"Oare, Wiltshire",51.3681,-1.7735,,,,
2018,0,41981,0.92,"Oare, Wiltshire",51.3681,-1.7735,,,,
2018,0,42313,0.8,,,,,,,
2018,0,42385,1.04,Uffington,51.5991,-1.5683,,,,
2018,0,42458,,Warwickshire,52.2671,-1.4675,,Y,,
2018,0,65003,0.98,,,,,,,
2018,0,610009,0.83,Corston,51.3832,-2.4468,,,,
2018,0,610010,0.81,"Mount Batten, Plymouth",50.3585,-4.128,1830,,,
2018,0,610014,1.06,"Mount Batten, Plymouth",50.3585,-4.128,1830,,,
2018,0,610015,0.83,,,,,,,
2018,0,610016,0.98,Weston under Penyard,51.9044,-2.5247,,,,
2018,0,660002,1.01,Asthall,51.797,-1.5954,,,,
2018,0,660003,0.98,,,,,,,
2018,0,690004,0.79,Letcombe Regis,51.5716,-1.4531,,,,
2018,0,690005,0.97,Keevil,51.312,-2.1305,,,,
2018,0,690006,,,,,,,,
2018,0,690007,0.82,,,,,,,
2018,0,690008,0.99,Nunney,51.2035,-2.4022,1860,,,
2018,0,710001,0.96,"Barnsley Park, Cotswold",51.8453,-1.8913,,,,
2018,0,730001,1.04,Nunney,51.2035,-2.4022,1860,,,
2018,0,730002,1.1,Nunney,51.2035,-2.4022,1860,,,
2018,0,730011,1.22,Nunney,51.2035,-2.4022,1860,,,
2018,0,730012,,,,,,,,
2018,0,730013,1.01,Tiddington-with-Albury,51.7311,-1.0747,,,,
2018,0,780001,0.83,Wroxeter and Uppington,52.6679,-2.6521,,,,
2018,0,820004,,Bagendon,51.7527,-1.9869,,,,
2018,0,820011,1.13,,,,,,,
2018,0,820014,,Bagendon,51.7527,-1.9869,,,,
2018,0,820015,,Bagendon,51.7527,-1.9869,,,,
2018,0,820016,0.82,Bagendon,51.7527,-1.9869,,,,
2018,0,820017,0.56,Bagendon,51.7527,-1.9869,,,,
2018,0,820019,0.44,Bagendon,51.7527,-1.9869,,,,
2018,0,820020,0.63,Bagendon,51.7527,-1.9869,,,,
2018,0,820021,0.85,Bagendon,51.7527,-1.9869,,,,
2018,0,820022,0.6,Bagendon,51.7527,-1.9869,,,,
2018,0,830217,1.09,,,,,,,
2018,0,830218,0.93,"Alchester, Cherwell",,,,,,
2018,0,840656,0.9,,,,,,,
2018,0,900070,0.68,,,,,,,
2018,0,900714,0.5,Norton and Lenchwick,52.1033,-1.943,1718,,,
2018,0,900716,1.16,Welford-on-Avon,52.1572,-1.826,,,,
2018,0,900983,,,,,,,,
2018,0,910294,1.1,"Cathedral, Worcester",52.184,-2.2208,,,,
2018,0,910323,1.17,Cleeve Prior,52.1392,-1.8845,,,,
2018,0,920695,1.14,Sutton Courtney,51.6336,-1.279,,,,
2018,0,930270,0.76,Bagendon,51.7527,-1.9869,,,,
2018,0,930287,1.19,Childswickham,52.0404,-1.8994,,,,
2018,0,940839,1.03,Cirencester,51.7167,-1.9725,,,,
2018,0,941108,1.15,Uffington,51.599,-1.5683,,,,
2018,0,941244,,,,,,,,
2018,0,941433,1.11,Wisbech,52.6591,0.1572,,,,
2018,0,950969,1.02,,,,,,,
2018,0,951286,0.96,,,,,,,
2018,0,960994,0.45,Evenley,52.0103,-1.1418,,,,
2018,0,961089,1,,,,,,,
2018,0,961944,,,,,,,,
2018,0,962666,0.95,,,,,,,
2018,0,963254,0.98,,,,,,,
2018,0,963255,0.98,,,,,,,
2018,0,970163,,Witney,51.8055,-1.4793,,,,
2018,0,970164,,Witney,51.8055,-1.4793,,,,
2018,0,970184,1.12,,,,,,,
2018,0,971509,0.91,,,,,,,
2018,0,971510,0.95,,,,,,,
2018,0,971886,0.8,Daventry,52.2532,-1.1664,,,,
2018,0,980099,0.81,Nunney,51.2035,2.4022,,,,
2018,0,980510,0.91,Swalcliffe,52.0302,-1.4621,,,,
2018,0,982117,0.93,,,,,,,
2018,0,990023,1.03,"Kingsholm, Gloucester",51.273,-2.2415,,,,
2018,0,991053,0.98,Great Witley,52.2916,-2.368,,,,
2018,0,991058,0.71,Pershore,52.1123,-2.089,1993,,,
2018,0,991671,0.97,,,,,,,
2018,1,LANCUM-662465,0.92,Northleach with Eastington,51.825,-1.842,,,,
2018,1,PUBLIC-E88565,,Coberley,51.851,-2.074,,,,
2018,1,WAW-1CE650,0.86,Stoke Prior,52.2741,-2.0747,,,,
2021,0,61.0022,0.94,Weston under Penyard,51.9044,-2.5247,,,,
2021,0,1555,0.99,,,,,,,
2021,0,1556,0.99,,,,,,,
2021,0,2078,0.95,Eynsham,51.788,-1.3781,,,,
2021,0,10137,0.64,Oxford,51.7504,-1.2626,,,,
2021,0,10348,0.95,Woodstock,51.8409,-1.3628,,,,
2021,0,10559,,Norton and Lenchwick,52.1303,-1.943,1718,,,
2021,0,20619,0.9,,,,,,,
2021,0,20843,1.01,Hampton Gaye and Poyle,51.8314,-1.2758,,,,
2021,0,20984,0.81,Chesterton and Kingston,52.2192,-1.5037,,,,
2021,0,21129,0.92,Charlbury,51.8685,-1.4931,,,,
2021,0,30256,1.09,Dowdeswell,51.8696,-2.0159,,,,
2021,0,30409,1.13,Dowdeswell,51.8696,-2.0159,,,,
2021,0,30921,0.93,Gloucester,51.8603,-2.2483,,,,
2021,0,40051,1.06,Eynsham,51.788,-1.3781,,,,
2021,0,40052,1.05,Eynsham,51.788,-1.3781,,,,
2021,0,42326,,,,,,,,
2021,0,42384,0.99,Uffington,51.5991,-1.5683,,,,
2021,0,42386,1,Uffington,51.5991,-1.5683,,,,
2021,0,42414,1.04,Dowdeswell,51.8696,-2.0159,,,,
2021,0,42593,1,,,,,,,
2021,0,610017,0.51,Weston under Penyard,51.9044,-2.5247,,,,
2021,0,610018,1.05,Nunney,51.2035,-2.4022,1860,,,
2021,0,610023,1.13,Nuanton,51.9144,-1.8269,,,,
2021,0,650004,1.13,,,,,,,
2021,0,660004,0.91,,,,,,,
2021,0,660005,1.05,,,,,,,
2021,0,660006,0.98,,,,,,,
2021,0,690009,1.01,Nettleton,51.5007,-2.2463,1984,,,
2021,0,690010,0.95,Fenland (Hengistbury Head???),51.5643,0.016477,,,,
2021,0,690011,1.08,,,,,,,
2021,0,690012,1.06,,,,,,,
2021,0,690013,0.81,Tewkesbury,51.9863,-2.1616,,,,
2021,0,690014,0.82,Oxford,51.7504,-1.2626,,,,
2021,0,690015,1.26,Nunney,51.2035,-2.4022,1860,,,
2021,0,690016,1.19,,,,,,,
2021,0,790002,1.06,Easton Grey,51.5818,-2.1601,,,,
2021,0,810002,0.78,,,,,,,
2021,0,820023,0.83,Bagendon,51.7527,-1.9869,,,,
2021,0,820024,0.74,Bagendon,51.7527,-1.9869,,,,
2021,0,820025,0.97,Bagendon,51.7527,-1.9869,,,,
2021,0,820026,,Sapperton,51.7257,-2.0883,,,,
2021,0,820027,0.81,Cirencester,51.7167,-1.9725,,,,
2021,0,830210,1.01,,,,,,,
2021,0,830212,1.01,,,,,,,
2021,0,830219,1.05,,,,,,,
2021,0,830220,1.38,"Alchester, Cherwell",,,,,,
2021,0,850061,1.05,Bicester,51.8935,-1.1586,,,,
2021,0,850062,0.93,Bicester,51.8935,-1.1586,,,,
2021,0,850064,0.94,Bicester,51.8935,-1.1586,,,,
2021,0,850074,,Fenland (Hengistbury Head???),,,,,,
2021,0,870318,1.01,Somerford Keynes,51.6448,-1.9869,,,,
2021,0,870320,0.88,Somerford Keynes,51.6448,-1.9869,,,,
2021,0,920025,0.91,Bagendon,51.7527,-1.9869,,,,
2021,0,920562,1,"Cleeve Hill, Tewkesbury",51.9199,-2.0059,,,,
2021,0,930188,,,,,,,,
2021,0,930588,0.94,West Hendred,51.5891,-1.3518,,,,
2021,0,961377,1.03,,,,,,,
2021,0,961607,1.13,,,,,,,
2021,0,963469,0.75,Brailes,51.7879,-1.5665,,,,
2021,0,971267,,,,,,,,
2021,0,971268,1.38,,,,,,,
2021,0,971269,,,,,,,,
2021,0,971603,0.79,Kingscote,51.6625,-2.2761,,,,
2021,0,981396,1.05,,,,,,,
2021,0,981985,1.15,,,,,,,
2021,0,982189,0.73,Wapperbury,52.3179,-1.4586,,,,
2021,0,991054,0.82,Great Witley,52.2916,-2.368,,,,
2021,0,991170,,,,,,,,
2021,1,LANCUM-602D66,,Gloucester,51.8643,-2.2382,,,,
2021,1,LON-04AC46,0.55,Wandsworth,51.4571,-0.1818,1976,,,
2021,1,WILT-2A3A77,0.47,Near Devizes,51.3489,-1.9948,,,,
2024,0,10563,,Pershore,52.1123,-2.089,1993,,,
2024,0,10606,,,,,,,,
2024,0,10634,,,,,,,,
2024,0,20845,0.91,Hampton Gaye and Poyle,51.8314,-1.2758,,,,
2024,0,40701,0.71,Cirencester,51.7167,-1.9725,,,,
2024,0,40712,0.76,Dowdeswell,51.8696,-2.0159,,,,
2024,0,40829,,Alexandra,52.0523,1.1489,,,,
2024,0,41948,0.77,"Oare, Wiltshire",51.3681,-1.7735,,,,
2024,0,41982,0.76,Witney,51.7876,-1.494,,,,
2024,0,42127,,,,,,,,
2024,0,42325,,,,,,,,
2024,0,98095,1.25,Nunney,51.2035,-2.4022,1860,,,
2024,0,610019,,,,,,,,
2024,0,610020,1.18,Nunney,51.2035,-2.4022,1860,,,
2024,0,610021,0.79,Nettleton,51.5007,-2.2463,1984,,,
2024,0,630001,0.99,,,,,,,
2024,0,660007,1.12,Nunney,51.2035,-2.4022,1860,,,
2024,0,670004,1.03,,,,,,,
2024,0,670005,1.05,,,,,,,
2024,0,690017,1.25,,,,,,,
2024,0,690019,1.24,Nunney,51.2035,-2.4022,1860,,,
2024,0,690020,1.2,Nunney,51.2035,-2.4022,1860,,,
2024,0,690021,1.22,Nunney,51.2035,-2.4022,1860,,,
2024,0,690022,1.29,Nunney,51.2035,-2.4022,1860,,,
2024,0,820029,0.38,Bagendon,51.7527,-1.9869,,,,
2024,0,820030,0.87,Bagendon,51.7527,-1.9869,,,,
2024,0,820031,0.56,Bagendon,51.7527,-1.9869,,,,
2024,0,820032,,"Alchester, Cherwell",,,,,,
2024,0,820033,1.1,,,,,,,
2024,0,820034,1.13,,,,,,,
2024,0,820035,1,,,,,,,
2024,0,820036,1.23,,,,,,,
2024,0,830221,0.9,North Leigh,51.8144,-1.4647,,,,
2024,0,910291,1.05,"Cathedral, Worcester",52.193,-2.2209,,,,
2024,0,920159,,Widcombe,51.3745,-2.3606,,,,
2024,0,930189,,,,,,,,
2024,0,930571,1.19,,,,,,,
2024,0,950459,0.94,Heddington,51.393,-2.0158,,,,
2024,0,963358,,Kingscote,51.6534,-2.2905,,,,
2024,0,963395,1.1,,,,,,,
2024,0,971270,1.73,,,,,,,
2024,0,971272,,,,,,,,
2024,0,980087,1.45,Nunney,51.2035,-2.4022,1860,,,
2024,0,980088,1.2,Nunney,51.2035,-2.4022,1860,,,
2024,0,980089,1.25,Nunney,51.2035,-2.4022,1860,,,
2024,0,980090,1.1,Nunney,51.2035,-2.4022,1860,,,
2024,0,980091,1.22,Nunney,51.2035,-2.4022,1860,,,
2024,0,980093,1.2,Nunney,51.2035,-2.4022,1860,,,
2024,1,GLO-FC2B77,0.5,Yate,51.5416,-2.4143,,,,
2024,1,WILT-C10776,0.98,Swindon,51.5558,-1.7797,,,,
2024,1,WMID-EBC189,0.8,Leamingtobn Spa,52.2852,-1.5201,,,,
2027,0,266,,Calne,51.438,-2.01578,2008,,,
2027,0,301,0.87,Dowdeswell,51.8696,-2.0159,,,,
2027,0,574,0.96,,,,,,,
2027,0,647,1.1,Gloucester,51.8603,-2.2483,,,,
2027,0,697,,,,,,,,
2027,0,871,1.38,Charlbury,51.8685,-1.4931,,,,
2027,0,10533,0.73,Kirtington,51.8674,-1.2898,,,,
2027,0,10568,,Pershore,52.1123,-2.089,1993,,,
2027,0,20316,1.03,,,,,,,
2027,0,20364,0.67,Woodstock,51.8409,-1.3628,,,,
2027,0,21183,0.75,Dowdeswell,51.8696,-2.0159,,,,
2027,0,30493,0.96,,,,,,,
2027,0,31424,,,,,,,,
2027,0,41070,0.8,Oxford,51.7504,-1.2626,,,,
2027,0,41947,0.85,"Oare, Wiltshire",51.3681,-1.7735,,,,
2027,0,42413,0.83,Charlbury,51.8685,-1.4931,,,,
2027,0,42617,,Stroud,51.7435,-2.2187,,,,
2027,0,63003,0.9,,,,,,,
2027,0,600037,1.18,Nunney,51.2035,-2.4022,1860,,,
2027,0,610024,1.21,Nunney,51.2035,-2.4022,1860,,,
2027,0,610025,,Wanborough,51.5366,-1.71300,1957,,,
2027,0,610026,1.16,Nunney,51.2035,-2.4022,1860,,,
2027,0,610027,1.16,Weston under Penyard,51.9044,-2.5247,,,,
2027,0,630002,1.23,,,,,,,
2027,0,650005,1.1,,,,,,,
2027,0,650006,1.39,,,,,,,
2027,0,650007,1.19,,,,,,,
2027,0,660008,1.25,,,,,,,
2027,0,660009,1.14,,,,,,,
2027,0,660010,1.04,,,,,,,
2027,0,660011,1.09,"Waddon Hill, West Dorset",,,,,,
2027,0,670006,1.21,,,,,,,
2027,0,670007,1.16,,,,,,,
2027,0,670008,,,,,,,,
2027,0,690023,1.16,,,,,,,
2027,0,690024,0.88,,,,,,,
2027,0,690025,1.31,,,,,,,
2027,0,690026,0.93,Fenland,52.5643,0.0165,,,,
2027,0,690027,1.15,,,,,,,
2027,0,690028,0.91,Mount Batten,50.3585,-4.128,1830,,,
2027,0,690029,0.87,,,,,,,
2027,0,690030,1.02,,,,,,,
2027,0,690031,1.28,,,,,,,
2027,0,690032,1.17,Nunney,51.2035,-2.4022,1860,,,
2027,0,690033,1.12,Nunney,51.2035,-2.4022,1860,,,
2027,0,690034,1.06,Nunney,51.2035,-2.4022,1860,,,
2027,0,690035,1.13,,,,,,,
2027,0,690036,1.13,,,,,,,
2027,0,690038,1.26,Nunney,51.2035,-2.4022,1860,,,
2027,0,690039,1.22,Nunney,51.2035,-2.4022,1860,,,
2027,0,690040,1.02,Nunney,51.2035,-2.4022,1860,,,
2027,0,690041,1.27,Nunney,51.2035,-2.4022,1860,,,
2027,0,700003,1.08,Colerne,51.4557,-2.2748,1957,,,
2027,0,700004,0.66,Andoversford,51.8696,-1.9724,,,,
2027,0,700005,1.01,Alcester,52.2111,-1.8697,,,,
2027,0,710002,0.63,Andoversford,51.8696,-1.9724,,,,
2027,0,720002,,,,,,,,
2027,0,720003,,,,,,,,
2027,0,720469,,,,,,,,
2027,0,720470,,,,,,,,
2027,0,730014,1.19,Nunney,51.2035,-2.4022,1860,,,
2027,0,730015,1.15,Nunney,51.2035,-2.4022,1860,,,
2027,0,730016,1.14,Nunney,51.2035,-2.4022,1860,,,
2027,0,730017,0.98,Nunney,51.2035,-2.4022,1860,,,
2027,0,730018,1.14,Nunney,51.2035,-2.4022,1860,,,
2027,0,730597,1.23,,,,,,,
2027,0,740001,0.93,,,,,,,
2027,0,780002,0.73,Heywood,51.276,-2.1878,,,,
2027,0,790003,,littledown and Iford,51.7455,-1.8313,,,,
2027,0,800004,0.8,,,,,,,
2027,0,800005,0.65,Widcombe,51.3745,-2.3606,,,,
2027,0,810003,,,,,,,,
2027,0,820037,1.03,Widcombe,51.3745,-2.3606,,,,
2027,0,820038,,Bagendon,51.7527,-1.9869,,,,
2027,0,820039,0.48,Bagendon,51.7527,-1.9869,,,,
2027,0,820040,,Bagendon,51.7527,-1.9869,,,,
2027,0,820041,0.38,Bagendon,51.7527,-1.9869,,,,
2027,0,820042,0.71,Bagendon,51.7527,-1.9869,,,,
2027,0,820043,0.75,Bagendon,51.7527,-1.9869,,,,
2027,0,820044,1.35,,,,,,,
2027,0,820045,1.24,,,,,,,
2027,0,830225,1.24,,,,,,,
2027,0,840229,,Oxfordshire,51.7612,-1.2465,,Y,,
2027,0,850005,1.25,,,,,,,
2027,0,850059,0.95,Bicester,51.8935,-1.1586,,,,
2027,0,870319,0.54,Somerford Keynes,51.6448,-1.9869,,,,
2027,0,870700,1.23,Cleeve Prior,51.1213,-1.8992,,,,
2027,0,880163,0.76,Cleeve Prior,51.1213,-1.8992,,,,
2027,0,890208,1.1,Cricklade,51.6267,-1.8425,,,,
2027,0,900037,0.99,Cleeve Prior,51.1213,-1.8992,,,,
2027,0,900142,0.79,Yapton,50.8184,-0.6244,,,,
2027,0,900881,1.17,,,,,,,
2027,0,910026,0.76,Bagendon,51.7527,-1.9869,,,,
2027,0,930240,0.6,"Drayton, Portsmouth ",50.8447,-1.0442,,,,
2027,0,930256,0.92,,,,,,,
2027,0,930867,1.05,,,,,,,
2027,0,940557,1.05,Swalcliffe,52.0302,-1.4621,,,,
2027,0,940656,1.14,,,,,,,
2027,0,940931,0.88,Strandlake,51.7244,-1.4368,,,,
2027,0,941436,0.64,,,,,,,
2027,0,941531,0.8,,,,,,,
2027,0,951028,1.14,,,,,,,
2027,0,951096,1.21,,,,,,,
2027,0,951244,1.3,,,,,,,
2027,0,953556,0.6,,,,,,,
2027,0,961945,,,,,,,,
2027,0,962219,0.9,Thornbury,51.5897,-2.521,,,,
2027,0,962241,0.75,,,,,,,
2027,0,971271,,,,,,,,
2027,0,971273,,,,,,,,
2027,0,971274,1.1,,,,,,,
2027,0,971275,1.2,,,,,,,
2027,0,971276,1.07,,,,,,,
2027,0,971277,1.12,,,,,,,
2027,0,971278,,,,,,,,
2027,0,971279,1.37,,,,,,,
2027,0,971280,,,,,,,,
2027,0,971281,,,,,,,,
2027,0,971282,,,,,,,,
2027,0,971283,,,,,,,,
2027,0,971284,0.97,,,,,,,
2027,0,971285,,,,,,,,
2027,0,971563,1.03,,,,,,,
2027,0,971721,1.06,,,,,,,
2027,0,972294,0.78,Kingscote,51.6625,-2.2761,,,,
2027,0,980082,1.3,Nunney,51.2035,-2.4022,1860,,,
2027,0,980083,1.2,Nunney,51.2035,-2.4022,1860,,,
2027,0,980085,1.27,Nunney,51.2035,-2.4022,1860,,,
2027,0,980086,1.28,Nunney,51.2035,-2.4022,1860,,,
2027,0,980092,1.03,Nunney,51.2035,-2.4022,1860,,,
2027,0,980094,1.17,Nunney,51.2035,-2.4022,1860,,,
2027,0,980096,1.25,Nunney,51.2035,-2.4022,1860,,,
2027,0,980097,1.18,Nunney,51.2035,-2.4022,1860,,,
2027,0,980106,1.17,Nunney,51.2035,-2.4022,1860,,,
2027,0,981283,0.78,White Ladies Ashton,52.1662,-2.1184,,,,
2027,0,981986,1.07,Woodstock,51.8409,-1.3628,,,,
2027,0,990500,1.13,,,,,,,
2027,0,990627,0.91,Marlborough,51.4197,-1.7425,1857,,,
2027,0,991258,0.73,Wootton,51.868,-1.3769,,,,
2027,0,991363,0.91,Charlbury,51.8685,-1.4931,,,,
2027,0,991692,,Northmoor,51.7152,-1.3935,,,,
2027,1,LANCUM-3FF096,0.97,"Barnsley, Cotswold",51.7444,-1.8885,,,,
2027,1,WILT-646475,0.89,"Witham Friary, Mendip",51.1676,-2.3732,,,,
2027,1,WILT-A030F1,1.28,Cricklade,51.6381,-1.8564,,,,
2027,,730019,1.06,,,,,,,
2027,,730020,1.23,Nunney,51.2035,-2.4022,1860,,,
2027,,730021,1.16,Nunney,51.2035,-2.4022,1860,,,
2027,,730022,1.2,,,,,,,
2027,,730023,1.26,,,,,,,
2027,,730024,1.13,,,,,,,
2027,,800003,1.16,,,,,,,
2030,0,10138,0.96,Oxford,51.7504,-1.2626,,,,
2030,0,730028,1.15,"Cathedral, Worcester",52.193,-2.2209,,,,
2030,0,900715,1.01,Norton and Lenchwick,52.1033,-1.943,1718,,,
2030,0,941463,1.25,,,,,,,
2033,0,610030,0.97,Weston under Penyard,51.9044,-2.5247,,,,
2033,0,610032,0.72,Weston under Penyard,51.9044,-2.5247,,,,
2036,0,39,1.01,Charlbury,51.868,-1.493,,,,
2036,0,599,0.83,Charlbury,51.8685,-1.4931,,,,
2036,0,600,0.41,Charlbury,51.8685,-1.4931,,,,
2036,0,645,1.3,Edgbaston,52.4719,-1.9131,,,,
2036,0,873,0.71,Charlbury,51.8685,-1.4931,,,,
2036,0,874,0.78,Charlbury,51.8685,-1.4931,,,,
2036,0,1121,0.75,,,,,,,
2036,0,1131,,Swalcliffe,52.0302,-1.4621,,,,
2036,0,1136,0.88,,,,,,,
2036,0,10139,0.8,Ashleworth,52.9232,-2.2777,,,,
2036,0,10566,,Pershore,52.1123,-2.089,1993,,,
2036,0,10567,0.7,Pershore,52.1123,-2.089,1993,,,
2036,0,21059,0.96,Stonesfield,51.8502,-1.4352,,,,
2036,0,30101,1.17,Dowdeswell,51.8696,-2.0159,,,,
2036,0,30181,1.16,Ashleworth,51.9232,-2.2777,,,,
2036,0,30410,0.7,Cirencester,51.7167,-1.9725,,,,
2036,0,30521,0.93,Oxford,51.7504,-1.2626,,,,
2036,0,40053,1.09,Eynsham,51.788,-1.3781,,,,
2036,0,40115,0.82,Pershore,52.1123,-2.089,1993,,,
2036,0,40129,,,,,,,,
2036,0,40721,0.93,,,,,,,
2036,0,41016,,,,,,,,
2036,0,41296,0.9,,,,,,,
2036,0,42327,,,,,,,,
2036,0,42328,,,,,,,,
2036,0,42551,,Alcester,52.2112,-1.8843,,,,
2036,0,42552,,Alcester,52.2112,-1.8843,,,,
2036,0,61033,0.8,Weston under Penyard,51.9044,-2.5247,,,,
2036,0,610028,,Castle,51.8884,0.8758,,,,
2036,0,610029,0.83,Bibury,51.7526,-1.8421,,,,
2036,0,610031,0.89,Dymock,51.9766,-2.4382,,,,
2036,0,610032,0.72,Weston under Penyard,51.9044,-2.5247,,,,
2036,0,610034,1.05,Stow-on-the-Wold,51.9321,-1.7251,,,,
2036,0,610035,0.85,,,,,,,
2036,0,610036,0.63,Weston under Penyard,51.9044,-2.5247,,,,
2036,0,660012,0.63,,,,,,,
2036,0,690042,0.76,Coleford,51.7874,-2.5378,,,,
2036,0,690043,1.06,,,,,,,
2036,0,690044,0.76,Braughing,51.9062,0.01916,,,,
2036,0,690045,0.82,,,,,,,
2036,0,690046,,,,,,,,
2036,0,690047,0.77,Fenland (Hengistbury Head???),51.5643,0.016477,,,,
2036,0,690048,0.92,,,,,,,
2036,0,720004,0.8,"Castle, Colchester",51.8884,0.8758,,,,
2036,0,720005,0.96,,,,,,,
2036,0,730025,0.92,Wroxeter and Uppington,52.6679,-2.6521,,,,
2036,0,730026,1,Duston,52.2338,-0.9764,,,,
2036,0,730027,0.64,Duston,52.2338,-0.9764,,,,
2036,0,760003,1.14,Woodeaton,51.7951,-1.2329,,,,
2036,0,810004,0.79,,,,,,,
2036,0,810005,0.7,Ross-on-Wye,51.913,-2.5975,,,,
2036,0,820046,,Bagendon,51.7527,-1.9869,,,,
2036,0,820047,0.43,Bagendon,51.7527,-1.9869,,,,
2036,0,820048,0.48,Bagendon,51.7527,-1.9869,,,,
2036,0,820049,,Bagendon,51.7527,-1.9869,,,,
2036,0,830209,1.02,,,,,,,
2036,0,830226,0.99,,,,,,,
2036,0,830227,0.98,,,,,,,
2036,0,850057,0.89,Bicester,51.8935,-1.1586,,,,
2036,0,850060,0.92,Bicester,51.8935,-1.1586,,,,
2036,0,860162,0.82,"Kingsholm, Gloucester",51.8724,-2.2415,,,,
2036,0,860163,0.81,"Kingsholm, Gloucester",51.8724,-2.2415,,,,
2036,0,870503,0.76,Beckford,52.0134,-2.0451,,,,
2036,0,880080,1.03,Cleeve Prior,52.1213,-1.8992,,,,
2036,0,880164,,Cleeve Prior,52.1213,-1.8992,,,,
2036,0,900036,0.99,Cleeve Prior,51.1213,-1.8992,,,,
2036,0,900712,0.96,Cleeve Prior,51.1213,-1.8992,,,,
2036,0,900717,0.83,Broadway,52.0673,-1.8701,,,,
2036,0,900720,0.55,Alcester,52.2112,-1.8843,,,,
2036,0,910013,0.96,"Kingsholm, Gloucester",51.8724,-2.2415,,,,
2036,0,910014,0.79,"Kingsholm, Gloucester",51.8724,-2.2415,,,,
2036,0,910015,1.92,"Kingsholm, Gloucester",51.8724,-2.2415,,,,
2036,0,910020,1.02,"Kingsholm, Gloucester",51.8724,-2.2415,,,,
2036,0,910022,0.57,"Kingsholm, Gloucester",51.8724,-2.2415,,,,
2036,0,910038,0.93,Warminster,51.2041,-2.1875,,,,
2036,0,910321,0.71,Cleeve Prior,52.1482,-1.8845,,,,
2036,0,920039,0.56,Gloucester,51.8783,-2.2629,,,,
2036,0,920321,1.02,Wootton,51.8679,-1.3769,,,,
2036,0,921057,0.71,,,,,,,
2036,0,930292,0.62,Chesterton and Kingston,52.2191,-1.4891,,,,
2036,0,930354,0.91,Merton,52.5467,0.8007,,,,
2036,0,930866,0.88,,,,,,,
2036,0,940248,,"Upper Quinton, Stratford-on-Avon",52.1168,-1.7419,,,,
2036,0,941092,1.1,Castle Eaton,51.6536,-1.799,,,,
2036,0,941271,1.08,,,,,,,
2036,0,941327,0.92,Ashleworth,51.9232,-2.2777,,,,
2036,0,941328,0.84,Ashleworth,51.9232,-2.2777,,,,
2036,0,941332,0.7,,,,,,,
2036,0,941407,0.97,Bourton-on-the-Water,51.8783,-1.769,,,,
2036,0,941462,0.9,,,,,,,
2036,0,951182,0.93,,,,,,,
2036,0,953288,1.58,Cleeve Prior,52.1392,-1.8845,,,,
2036,0,953291,1.08,Cleeve Prior,52.1482,-1.8699,,,,
2036,0,960991,0.63,Evenley,52.0103,-1.1418,,,,
2036,0,961022,0.63,Evenley,52.0103,-1.1418,,,,
2036,0,961028,1.2,Evenley,52.0103,-1.1418,,,,
2036,0,961051,1.06,Whilton,52.2708,-1.1075,,,,
2036,0,961946,,,,,,,,
2036,0,962242,0.95,,,,,,,
2036,0,963381,0.93,,,,,,,
2036,0,963550,0.93,,,,,,,
2036,0,971286,,,,,,,,
2036,0,971514,0.83,,,,,,,
2036,0,971888,0.85,Daventry,52.2532,-1.1664,,,,
2036,0,981216,,,,,,,,
2036,0,981245,1.08,,,,,,,
2036,0,981246,1.06,,,,,,,
2036,0,981398,0.8,"Northway, Tewkesbury",52.0033,-2.1131,,,,
2036,0,982069,,Witney,51.8055,-1.4793,,,,
2036,0,990302,1.12,,,,,,,
2036,0,990663,0.84,Lower Slaughter,51.8963,-1.7689,,,,
2036,0,990784,0.8,,,,,,,
2036,0,991052,0.87,Great Witley,52.2916,-2.368,,,,
2036,0,991055,0.77,Great Witley,52.2916,-2.368,,,,
2036,0,991931,1.04,,,,,,,
2036,0,9601017,0.73,Evenley,52.0103,-1.1418,,,,
2036,1,FAPJW-1533E5,0.88,Bidford-on-Avon,52.148,-1.87,,,,
2036,1,NARC1166,0.92,"Haversham cum Little Linford, Milton Keynes",52.0879,-0.7784,,,,
2036,1,WMID-EEDC47,1.1,Leamington Hastings,52.3052,-1.35,,,,
2072,0,40,0.86,Charlbury,51.868,-1.493,,,,
2072,0,870,0.83,Charlbury,51.8685,-1.4931,,,,
2072,0,3037,1.01,,,,,,,
2072,0,11012,0.89,Charlbury,51.8685,-1.4931,,,,
2072,0,11446,,Woodeaton,51.7952,-1.2329,,,,
2072,0,20096,0.92,,,,,,,
2072,0,30053,,Dorn,52.004,-1.7038,,,,
2072,0,40118,0.88,Compton Verney,51.7876,-1.5665,,,,
2072,0,40434,,Chippenham,51.4559,-2.1309,1981,,,
2072,0,40702,0.78,Charlbury,51.8685,-1.4931,,,,
2072,0,41255,,,,,,,,
2072,0,41949,0.72,"Oare, Wiltshire",51.3681,-1.7735,,,,
2072,0,42167,0.93,Andoversford,51.8696,-1.9724,,,,
2072,0,80006,0.46,Mancetter,52.5609,-1.5294,,,,
2072,0,610043,0.97,,,,,,,
2072,0,610044,1,Stow-on-the-Wold,51.9322,-1.7251,,,,
2072,0,610062,1.01,Nunney,51.2035,-2.4022,1860,,,
2072,0,630004,1.04,Nunney,51.2035,-2.4022,1860,,,
2072,0,640005,1.09,,,,,,,
2072,0,670014,1.03,,,,,,,
2072,0,680002,1.05,,,,,,,
2072,0,680003,1.27,Nunney,51.2035,-2.4022,1860,,,
2072,0,690062,1.21,Nunney,51.2035,-2.4022,1860,,,
2072,0,690063,0.96,Nunney,51.2035,-2.4022,1860,,,
2072,0,690064,1.24,Nunney,51.2035,-2.4022,1860,,,
2072,0,690065,1.35,Nunney,51.2035,-2.4022,1860,,,
2072,0,690066,0.9,Nunney,51.2035,-2.4022,1860,,,
2072,0,700007,0.88,Colerne,52.4557,-2.2748,1957,,,
2072,0,720006,1.11,,,,,,,
2072,0,720667,1.28,,,,,,,
2072,0,720680,,,,,,,,
2072,0,730031,0.91,"Salperton, Cotswold",,,,,,
2072,0,730032,1.15,Duston,52.2334,-0.9351,,,,
2072,0,730033,1.15,,,,,,,
2072,0,800005,1.2,Widcombe,51.3745,-2.3606,,,,
2072,0,810006,1.16,,,,,,,
2072,0,810007,0.84,,,,,,,
2072,0,810008,,"Salmonsbury, Cotswold",,,,,,
2072,0,820055,0.78,Bagendon,51.7527,-1.9869,,,,
2072,0,830054,1,Ramsbury,51.4282,-1.5699,,,,
2072,0,830237,0.93,Gloucestershire,,,,,,
2072,0,830240,0.7,Gloucestershire,,,,,,
2072,0,830282,1.05,North Cerney,51.7797,-2.0159,,,,
2072,0,840391,1.15,Camerton,51.3112,-2.4605,,,,
2072,0,840659,0.8,Gloucester,,,,,,
2072,0,850058,1.05,Bicester,51.8935,-1.1586,,,,
2072,0,890216,0.98,Bidford-on-Avon,52.1482,-1.8553,,,,
2072,0,910029,0.51,North Cerney,51.7797,-2.0159,,,,
2072,0,921055,0.98,,,,,,,
2072,0,921057,1.07,,,,,,,
2072,0,921079,1.07,,,,,,,
2072,0,930138,0.93,,,,,,,
2072,0,941154,1.08,Worcester,,,,,,
2072,0,941406,1.06,Bagendon,51.7527,-1.9869,,,,
2072,0,950585,1.11,Alcester,52.2112,-1.8843,,,,
2072,0,950699,0.91,,,,,,,
2072,0,951076,,,,,,,,
2072,0,961941,1.12,,,,,,,
2072,0,962643,1.1,,,,,,,
2072,0,971293,1.02,,,,,,,
2072,0,971294,,,,,,,,
2072,0,971295,,,,,,,,
2072,0,980084,1.12,Nunney,51.2035,-2.4022,1860,,,
2072,0,980098,1,Nunney,51.2035,-2.4022,1860,,,
2072,0,980100,1.15,Nunney,51.2035,-2.4022,1860,,,
2072,0,980102,0.89,Nunney,51.2035,-2.4022,1860,,,
2072,0,980103,1.25,Nunney,51.2035,-2.4022,1860,,,
2072,0,980104,1.12,Nunney,51.2035,-2.4022,1860,,,
2072,0,982247,1.1,Bicester,51.8935,-1.15856,,,,
2072,0,990391,,,,,,,,
2072,0,990572,0.91,South Cerney,51.6718,-1.9436,,,,
2072,0,990662,0.79,Lower Slaughter,53.8963,-1.7689,,,,
2072,0,991362,0.68,horndean,50.9393,-1.0193,,,,
2072,0,991933,0.92,,,,,,,
2072,1,BERK-5DA762,1.1,"Bampton, West Oxfordshire",,,,,,
2072,1,GLO-1B8BF7,0.45,Highnam,51.8761,-2.2971,,,,
2072,1,GLO-7317EF,0.61,Sth Glouscestershire,51.5264,2.4728,,Y,,
2072,1,GLO-C020C5,1.12,Stroud,,,,,,
2072,1,LANCUM-3C71FB,1.03,Northleach with Eastington,51.825,-1.842,,,,
2072,1,SUR-7AD24,1.15,East Boldre,50.816,-1.49,,,,
2081,0,41,1.09,Gloucester,51.8603,-2.2483,,,,
2081,0,646,1.3,,,,,,,
2081,0,873,1.2,Gloucester,51.8603,-2.2483,,,,
2081,0,1057,1.09,Charlbury,51.8685,-1.4931,,,,
2081,0,1061,,,,,,,,
2081,0,1135,0.76,,,,,,,
2081,0,2033,,Pershore,52.1123,-2.089,1993,,,
2081,0,10012,,Evesham,52.0943,-1.9576,,,,
2081,0,10071,0.8,Netherton,52.0674,-2.016,,,,
2081,0,10140,0.97,Oxford,51.7504,-1.2626,,,,
2081,0,10534,0.95,Stonesfield,51.8502,-1.4352,,,,
2081,0,11127,0.83,Charlbury,51.8685,-1.4931,,,,
2081,0,20183,0.56,Evesham,52.0943,-9577,,,,
2081,0,20337,0.85,Gloucester,51.8603,-2.2483,,,,
2081,0,20341,0.96,Bagendon,51.7527,-1.9869,,,,
2081,0,20501,,Padstow,50.5553,-4.9519,,,,
2081,0,20779,0.96,Eynsham,51.788,-1.3781,,,,
2081,0,30257,0.85,Cirencester,51.7167,-1.9725,,,,
2081,0,30371,0.71,Gloucester,51.8603,-2.2483,,,,
2081,0,30602,1.09,Dowdeswell,51.8696,-2.0159,,,,
2081,0,30663,0.9,,,,,,,
2081,0,30749,1.11,,,,,,,
2081,0,30790,0.93,Gloucester,51.8603,-2.2483,,,,
2081,0,31328,1.04,,,,,,,
2081,0,31375,,,,,,,,
2081,0,31483,1,,,,,,,
2081,0,40367,,,,,,,,
2081,0,40421,0.51,,,,,,,
2081,0,40505,,Kington St Michael,51.4919,-2.1454,,,,
2081,0,40599,0.64,Standish,51.7703,-2.2912,,,,
2081,0,41023,,,,,,,,
2081,0,41048,1.1,,,,,,,
2081,0,42026,1.01,,,,,,,
2081,0,610046,1.23,Nunney,51.2035,-2.4022,1860,,,
2081,0,610047,0.94,Nunney,51.2035,-2.4022,1860,,,
2081,0,610048,1.14,,,,,,,
2081,0,610049,0.68,Dorchester,50.7088,-2.4404,,,,
2081,0,610050,0.58,Weston under Penyard,51.9044,-2.5247,,,,
2081,0,610051,,"Old Sleaford, North Kesteven",52.9989,-0.3983,,,,
2081,0,640006,1.12,Duston,52.2338,-0.9764,,,,
2081,0,660018,0.6,Widcombe,51.3745,-2.3606,,,,
2081,0,660019,0.77,"Cathedral, Worcester",52.184,-2.2208,,,,
2081,0,670015,0.98,,,,,,,
2081,0,670016,0.91,,,,,,,
2081,0,670017,1.01,,,,,,,
2081,0,690071,0.79,Fenland (Hengistbury Head???),51.5643,0.016477,,,,
2081,0,690072,1.07,Nunney,51.2035,-2.4022,1860,,,
2081,0,690073,0.69,Fenland (Hengistbury Head???),51.5643,0.016477,,,,
2081,0,690075,1.07,Nunney,51.2035,-2.4022,1860,,,
2081,0,690076,1.2,Nunney,51.2035,-2.4022,1860,,,
2081,0,690077,1.1,Nunney,51.2035,-2.4022,1860,,,
2081,0,690078,1.19,,,,,,,
2081,0,690079,1.18,,,,,,,
2081,0,690080,1.16,,,,,,,
2081,0,690081,0.92,,,,,,,
2081,0,690082,1.25,Nunney,51.2035,-2.4022,1860,,,
2081,0,700010,0.91,Alcester,52.2111,-1.8697,,,,
2081,0,700011,1.07,Alcester,52.2111,-1.8697,,,,
2081,0,700012,0.91,Andoversford,51.8696,-1.9724,,,,
2081,0,710004,0.67,Whitton,51.4305,-3.3248,,,,
2081,0,720007,1.23,,,,,,,
2081,0,720678,1.18,,,,,,,
2081,0,720679,1.16,,,,,,,
2081,0,730037,1.25,,,,,,,
2081,0,730038,0.94,,,,,,,
2081,0,730039,1.15,,,,,,,
2081,0,730041,0.85,Folkestone,51.0714,1.1675,1979,,,
2081,0,750002,1.02,Kingscote,51.6534,-2.2905,,,,
2081,0,790004,,Fenland (Hengistbury Head???),,,,,,
2081,0,800007,1.06,Widcombe,513745,-2.3606,,,,
2081,0,800009,1.25,Widcombe,513745,-2.3606,,,,
2081,0,810009,0.94,,,,,,,
2081,0,810010,0.89,Uley,51.6893,-2.3197,,,,
2081,0,820056,,,,,,,,
2081,0,820057,,"Perrott's Brook, Cotswold",51.753,-1.9739,,,,
2081,0,820058,,,,,,,,
2081,0,820059,0.56,Bagendon,51.7527,-1.9869,,,,
2081,0,820060,0.89,Caerwent,51.5973,-2.7666,,,,
2081,0,830210,1.06,,,,,,,
2081,0,830235,0.91,,,,,,,
2081,0,830374,1.04,,,,,,,
2081,0,840390,1.11,Camerton,51.3112,-2.4605,,,,
2081,0,840661,0.85,,,,,,,
2081,0,850075,,Fenland (Hengistbury Head???),,,,,,
2081,0,860089,,,,,,,,
2081,0,860090,,,,,,,,
2081,0,880002,0.78,Moulsham and Central,51.7269,0.4601,,,,
2081,0,880078,0.96,Compton Verney,52.1743,-1.5335,,,,
2081,0,900038,1.11,Wickhamford,52.0584,-1.9139,,,,
2081,0,900742,0.63,North Cerney,51.7797,-2.0159,,,,
2081,0,910019,0.49,"Kingsholm, Gloucester",51.8724,-2.2415,,,,
2081,0,910326,0.96,"Cathedral, Worcester",52.193,-2.2209,,,,
2081,0,920691,1.16,Swindon,51.5547,-1.785,,,,
2081,0,921056,1.11,,,,,,,
2081,0,930235,0.89,,,,,,,
2081,0,930494,,Wiltshire,51.2463,-1.9922,,Y,,
2081,0,940238,0.98,,,,,,,
2081,0,940925,1.07,"Market Lavington, Wiltshire",51.2868,-1.9775,,,,
2081,0,940988,1.3,Cleeve Prior,52.1392,-1.8845,,,,
2081,0,941095,0.96,Castle Eaton,51.6536,-1.799,,,,
2081,0,941326,1.15,Ashleworth,51.9232,-2.2777,,,,
2081,0,950269,1.31,,,,,,,
2081,0,950549,0.96,,,,,,,
2081,0,950648,0.89,,,,,,,
2081,0,951287,1.04,,,,,,,
2081,0,953290,1.06,Chesterton and Kingston,52.2191,-1.4891,,,,
2081,0,953568,1,,,,,,,
2081,0,960991,0.7,Evenley,52.0103,-1.1418,,,,
2081,0,961565,1.09,,,,,,,
2081,0,961942,1.05,,,,,,,
2081,0,963356,1.11,Kingscote,51.6534,-2907,,,,
2081,0,963382,,,,,,,,
2081,0,963430,0.94,Alcester,52.2112,-1.8843,,,,
2081,0,970165,,witney,51.8055,-1.4793,,,,
2081,0,970833,1.26,,,,,,,
2081,0,971295,,,,,,,,
2081,0,971298,0.91,,,,,,,
2081,0,971299,,,,,,,,
2081,0,971300,,,,,,,,
2081,0,972293,1.13,Tysoe,52.0933,-1.5051,,,,
2081,0,980101,1.24,Nunney,51.2035,-2.4022,1860,,,
2081,0,980105,0.98,Nunney,51.2035,-2.4022,1860,,,
2081,0,980107,1.08,Nunney,51.2035,-2.4022,1860,,,
2081,0,980297,,,,,,,,
2081,0,981397,0.85,,,,,,,
2081,0,981421,1.02,"Maes Knoll, Bristol",51.3848,-2.5815,,,,
2081,0,981987,0.8,,,,,,,
2081,0,990322,1,,,,,,,
2081,0,991056,0.88,Great Witley,52.2916,-2.368,,,,
2081,0,991240,1,,,,,,,
2081,0,991364,0.85,Woodstock,51.8409,-1.3628,,,,
2081,0,991812,,,,,,,,
2081,0,991934,1.41,,,,,,,
2081,0,992157,,,,,,,,
2081,1,GLO-C8A008,0.55,Priston,51.347,-2.446,,,,
2081,1,GLO-D8BDC6,0.78,Sth Gloucestershire,51.5264,-2.4728,,,,
2081,1,IARWC-63DAE16A0C,0.89,"Caldicot, Monmouthshire",51.5915,-2.7509,,,,
2081,1,IARWC-63DAE832,0.67,"Whitton, Vale of Glamorgan",51.4328,-3.3579,,,,
2081,1,LANCUM-1E71D3,0.85,Northleach,51.4201,-1.7271,,,,
2081,1,LEIC-4E6F78,0.82,West Oxfordshire,51.851,-1.653,,,,
2081,1,LON-AD16C1,0.88,"Boxley, Maidstone",51.3022,0.5431,1980,,,
2081,1,WILT-53E188,1.09,West Lavington,51.267,-1.987,,,,
2084,0,20097,1.18,Ashleworth,51.9232,-2.2777,,,,
2084,0,20365,0.83,Woodstock,51.8409,-1.3628,,,,
2084,0,20872,0.78,,,,,,,
2084,0,21131,0.52,Ashleworth,51.9232,-2.2777,,,,
2084,0,30923,1.23,Ashleworth,51.9232,-2.2777,,,,
2084,0,40208,1,Wiltshire,51.2463,-1.9922,,Y,,
2084,0,41168,0.9,,,,,,,
2084,0,41169,1.1,,,,,,,
2084,0,41170,1.2,,,,,,,
2084,0,90741,1.09,North Cerney,51.7797,-2.0159,,,,
2084,0,660020,1.01,Nunney,51.2035,-2.4022,1860,,,
2084,0,690074,1.09,Nunney,51.2035,-2.4022,1860,,,
2084,0,700008,0.86,Colerne,51.4557,-2.2748,1957,,,
2084,0,750003,1.14,Butcombe,51.3549,-2.7194,,,,
2084,0,910322,0.86,Bedford-on-Avon,52.1482,-1.8699,,,,
2084,0,930572,,,,,,,,
2084,0,941091,1.35,Castle Eaton,51.6536,-1.799,,,,
2084,0,941461,1.21,,,,,,,
2084,0,953388,1.04,Gloucestershire,51.8662,-2.238,,Y,,
2084,0,959658,0.83,,,,,,,
2084,0,962644,1,,,,,,,
2084,0,971512,0.83,,,,,,,
2084,0,981215,1.18,,,,,,,
2084,0,981425,0.97,Witney,51.8055,-1.4793,,,,
2084,1,WILT-3AB775,0.88,Near Devizes,51.3489,-1.9948,,,,
2084,1,WILT-41F6C6,0.82,Cricklade,51.6381,-1.8564,,,,
,0,820340,,,,,,,,
,0,900820,1.15,Aldermaston,51.381,-1.1536,,,,
,0,930207,0.74,Beedon,51.4989,-1.3099,,,,
,0,930279,0.8,,,,,,,
,0,930394,,,,,,,,
,0,950471,0.66,,,,,,,
,0,953288,1.91,Welford-on-Avon,52.1661,-1.7967,,,,
,0,953400,0.85,Uffington,51.5991,-1.5683,,,,
,0,953401,0.85,Uffington,51.5991,-1.5683,,,,
,0,963361,,Siddington,51.6897,-1.958,,,,
,0,963364,,Kingscote,51.6534,-2.2905,,,,
,0,963383,,,,,,,,
,0,970994,1.09,Chieveley,51.454,-1.325,,,,
,0,982238,,,,,,,,
,0,990388,,,,,,,,
,0,991930,0.97,,,,,,,
,0,,,,,,,,,
,1,GLO-AB87B6,1.03,Stroud,51.7457,-2.2178,,,,
,1,GLO-BA71C3,1.31,"Winchcombe, Tewkesbury",51.9572,-1.9692,,,,